,testcase_0,testcase_1,testcase_2,testcase_3,testcase_4,testcase_5,testcase_6,testcase_7,testcase_8
2,2.43191,0.174405,0.129849,0.301086,0.178674,0.203139,0.358914,0.34374,0.462005
4,0.313372,0.16274,0.338601,0.177887,0.176753,0.299812,0.360922,0.34539,0.465982
8,0.153933,0.121314,0.123831,0.124363,0.127357,0.205958,0.311992,0.366969,0.462135
12,0.157873,0.12737,0.304308,0.297761,0.130018,0.202642,0.345055,0.336682,0.46321
16,0.156764,0.295396,0.13901,0.127951,0.311011,0.204017,0.318304,0.348794,0.468259
24,0.162098,0.131886,0.122963,0.11983,0.122482,0.215762,0.321964,0.347267,0.4751
32,0.155217,0.129834,0.186703,0.138444,0.126708,0.220142,0.388916,0.348535,0.463831
