,testcase_0,testcase_1,testcase_2,testcase_3,testcase_4,testcase_5,testcase_6,testcase_7,testcase_8
2,0.055599,0.05891,0.054506,0.079325,0.101959,0.506445,1.17851,2.24743,13.9974
4,0.070943,0.057102,0.110572,0.065453,0.098621,0.593343,1.14758,2.24159,14.1231
8,0.048922,0.047741,0.051859,0.043061,0.08307,0.515585,1.03535,2.24634,13.9124
12,0.047566,0.047104,0.124647,0.079098,0.079541,0.507858,1.14661,2.22977,14.1327
16,0.045692,0.08297,0.05497,0.042962,0.14908,0.503776,1.08464,2.2766,13.9554
24,0.052275,0.04799,0.059776,0.042143,0.077396,0.50618,1.03893,2.2371,14.0606
32,0.048811,0.046776,0.075936,0.047938,0.080259,0.542615,1.16192,2.25854,14.3042
