,testcase_0,testcase_1,testcase_2,testcase_3,testcase_4,testcase_5,testcase_6,testcase_7,testcase_8
2,0.029356,0.032219,0.025421,0.045292,0.055241,0.620565,0.594871,2.16082,1.85359
4,0.049164,0.031889,0.051833,0.027734,0.055929,0.806808,0.628172,2.18796,2.60434
8,0.023725,0.022745,0.023582,0.022961,0.046485,0.626329,0.544519,2.10617,2.61079
12,0.024131,0.024396,0.049064,0.047427,0.048534,0.593697,0.700321,2.15167,2.56666
16,0.025772,0.049221,0.027473,0.02248,0.083971,0.594379,0.670167,2.20081,2.62326
24,0.025267,0.025989,0.023559,0.021336,0.043583,0.627962,0.508917,2.10982,2.63868
32,0.023612,0.024692,0.03244,0.025977,0.044917,0.629931,0.621177,2.132,2.53957
