,testcase_0,testcase_1,testcase_2,testcase_3,testcase_4,testcase_5,testcase_6,testcase_7
256,0.112083,0.109958,0.109936,0.299795,0.136711,0.182385,0.227204,0.247762
512,0.322962,0.192058,0.150385,0.140709,0.119741,0.125422,0.211594,0.21879
1024,0.174378,0.159254,0.14222,0.13334,0.137834,0.115081,0.212611,0.234154
