,testcase_0,testcase_1,testcase_2,testcase_3,testcase_4,testcase_5,testcase_6,testcase_7
256,0.021397,0.02625,0.025451,0.070736,0.032079,0.020839,0.028426,0.026585
512,0.070109,0.041298,0.037582,0.02481,0.0292,0.02052,0.025946,0.019965
1024,0.039416,0.038536,0.033923,0.03186,0.03042,0.020602,0.026864,0.027134
